Date,High,Low,Open,Close,Volume,Adj Close
2020-12-14,123.3499984741211,121.54000091552734,122.5999984741211,121.77999877929688,79184500.0,120.33545684814453
2020-12-15,127.9000015258789,124.12999725341797,124.33999633789062,127.87999725341797,157243700.0,126.36309051513672
2020-12-16,128.3699951171875,126.55999755859375,127.41000366210938,127.80999755859375,98208600.0,126.2939224243164
2020-12-17,129.5800018310547,128.0399932861328,128.89999389648438,128.6999969482422,94359800.0,127.1733627319336
2020-12-18,129.10000610351562,126.12000274658203,128.9600067138672,126.66000366210938,192541500.0,125.1575698852539
2020-12-21,128.30999755859375,123.44999694824219,125.0199966430664,128.22999572753906,121251600.0,126.70894622802734
2020-12-22,134.41000366210938,129.64999389648438,131.61000061035156,131.8800048828125,168904800.0,130.31564331054688
2020-12-23,132.42999267578125,130.77999877929688,132.16000366210938,130.9600067138672,88223700.0,129.40655517578125
2020-12-24,133.4600067138672,131.10000610351562,131.32000732421875,131.97000122070312,54930100.0,130.40457153320312
2020-12-28,137.33999633789062,133.50999450683594,133.99000549316406,136.69000244140625,124486200.0,135.06857299804688
2020-12-29,138.7899932861328,134.33999633789062,138.0500030517578,134.8699951171875,121047300.0,133.27017211914062
2020-12-30,135.99000549316406,133.39999389648438,135.5800018310547,133.72000122070312,96452100.0,132.1338348388672
2020-12-31,134.74000549316406,131.72000122070312,134.0800018310547,132.69000244140625,99116600.0,131.1160430908203
2021-01-04,133.61000061035156,126.76000213623047,133.52000427246094,129.41000366210938,143301900.0,127.87495422363281
2021-01-05,131.74000549316406,128.42999267578125,128.88999938964844,131.00999450683594,97664900.0,129.45596313476562
2021-01-06,131.0500030517578,126.37999725341797,127.72000122070312,126.5999984741211,155088000.0,125.09828186035156
2021-01-07,131.6300048828125,127.86000061035156,128.36000061035156,130.9199981689453,109578200.0,129.36703491210938
2021-01-08,132.6300048828125,130.22999572753906,132.42999267578125,132.0500030517578,105158200.0,130.48362731933594
2021-01-11,130.1699981689453,128.5,129.19000244140625,128.97999572753906,100384500.0,127.45005798339844
2021-01-12,129.69000244140625,126.86000061035156,128.5,128.8000030517578,91951100.0,127.27218627929688
2021-01-13,131.4499969482422,128.49000549316406,128.75999450683594,130.88999938964844,88636800.0,129.33738708496094
2021-01-14,131.0,128.75999450683594,130.8000030517578,128.91000366210938,90221800.0,127.3808822631836
2021-01-15,130.22000122070312,127.0,128.77999877929688,127.13999938964844,111598500.0,125.63187408447266
2021-01-19,128.7100067138672,126.94000244140625,127.77999877929688,127.83000183105469,90757300.0,126.31367492675781
2021-01-20,132.49000549316406,128.5500030517578,128.66000366210938,132.02999877929688,104319500.0,130.46385192871094
2021-01-21,139.6699981689453,133.58999633789062,133.8000030517578,136.8699951171875,120150900.0,135.2464599609375
2021-01-22,139.85000610351562,135.02000427246094,136.27999877929688,139.07000732421875,114459400.0,137.4203643798828
2021-01-25,145.08999633789062,136.5399932861328,143.07000732421875,142.9199981689453,157611700.0,141.22467041015625
2021-01-26,144.3000030517578,141.3699951171875,143.60000610351562,143.16000366210938,98390600.0,141.46185302734375
2021-01-27,144.3000030517578,140.41000366210938,143.42999267578125,142.05999755859375,140843800.0,140.37490844726562
2021-01-28,141.99000549316406,136.6999969482422,139.52000427246094,137.08999633789062,142621100.0,135.4638214111328
2021-01-29,136.74000549316406,130.2100067138672,135.8300018310547,131.9600067138672,177523800.0,130.39471435546875
2021-02-01,135.3800048828125,130.92999267578125,133.75,134.13999938964844,106239800.0,132.54884338378906
2021-02-02,136.30999755859375,134.61000061035156,135.72999572753906,134.99000549316406,83305400.0,133.38876342773438
2021-02-03,135.77000427246094,133.61000061035156,135.75999450683594,133.94000244140625,89880900.0,132.35121154785156
2021-02-04,137.39999389648438,134.58999633789062,136.3000030517578,137.38999938964844,84183100.0,135.76026916503906
2021-02-05,137.4199981689453,135.86000061035156,137.35000610351562,136.75999450683594,75693800.0,135.33970642089844
2021-02-08,136.9600067138672,134.9199981689453,136.02999877929688,136.91000366210938,71297200.0,135.48814392089844
2021-02-09,137.8800048828125,135.85000610351562,136.6199951171875,136.00999450683594,76774200.0,134.59747314453125
2021-02-10,136.99000549316406,134.39999389648438,136.47999572753906,135.38999938964844,73046600.0,133.98391723632812
2021-02-11,136.38999938964844,133.77000427246094,135.89999389648438,135.1300048828125,64280000.0,133.72665405273438
2021-02-12,135.52999877929688,133.69000244140625,134.35000610351562,135.3699951171875,60145100.0,133.96412658691406
2021-02-16,136.00999450683594,132.7899932861328,135.49000549316406,133.19000244140625,80576300.0,131.8067626953125
2021-02-17,132.22000122070312,129.47000122070312,131.25,130.83999633789062,97918500.0,129.48117065429688
2021-02-18,130.0,127.41000366210938,129.1999969482422,129.7100067138672,96856700.0,128.36293029785156
2021-02-19,130.7100067138672,128.8000030517578,130.24000549316406,129.8699951171875,87668800.0,128.521240234375
2021-02-22,129.72000122070312,125.5999984741211,128.00999450683594,126.0,103916400.0,124.69144439697266
2021-02-23,126.70999908447266,118.38999938964844,123.76000213623047,125.86000061035156,158273000.0,124.55290222167969
2021-02-24,125.55999755859375,122.2300033569336,124.94000244140625,125.3499984741211,111039900.0,124.04818725585938
2021-02-25,126.45999908447266,120.54000091552734,124.68000030517578,120.98999786376953,148199500.0,119.73348236083984
2021-02-26,124.8499984741211,121.19999694824219,122.58999633789062,121.26000213623047,164560400.0,120.00067138671875
2021-03-01,127.93000030517578,122.79000091552734,123.75,127.79000091552734,116307900.0,126.46286010742188
2021-03-02,128.72000122070312,125.01000213623047,128.41000366210938,125.12000274658203,102260900.0,123.82058715820312
2021-03-03,125.70999908447266,121.83999633789062,124.80999755859375,122.05999755859375,112966300.0,120.7923583984375
2021-03-04,123.5999984741211,118.62000274658203,121.75,120.12999725341797,178155000.0,118.88240051269531
2021-03-05,121.94000244140625,117.56999969482422,120.9800033569336,121.41999816894531,153766600.0,120.15899658203125
2021-03-08,121.0,116.20999908447266,120.93000030517578,116.36000061035156,154376600.0,115.15156555175781
2021-03-09,122.05999755859375,118.79000091552734,119.02999877929688,121.08999633789062,129525800.0,119.83243560791016
2021-03-10,122.16999816894531,119.44999694824219,121.69000244140625,119.9800033569336,111943300.0,118.73397064208984
2021-03-11,123.20999908447266,121.26000213623047,122.54000091552734,121.95999908447266,103026500.0,120.69339752197266
2021-03-12,121.16999816894531,119.16000366210938,120.4000015258789,121.02999877929688,88105100.0,119.77305603027344
2021-03-15,124.0,120.41999816894531,121.41000366210938,123.98999786376953,92403800.0,122.70231628417969
2021-03-16,127.22000122070312,124.72000122070312,125.69999694824219,125.56999969482422,115227900.0,124.26590728759766
2021-03-17,125.86000061035156,122.33999633789062,124.05000305175781,124.76000213623047,111932600.0,123.46431732177734
2021-03-18,123.18000030517578,120.31999969482422,122.87999725341797,120.52999877929688,121229700.0,119.27825927734375
2021-03-19,121.43000030517578,119.68000030517578,119.9000015258789,119.98999786376953,185549500.0,118.74385070800781
2021-03-22,123.87000274658203,120.26000213623047,120.33000183105469,123.38999938964844,111912300.0,122.10855102539062
2021-03-23,124.23999786376953,122.13999938964844,123.33000183105469,122.54000091552734,95467100.0,121.26737976074219
2021-03-24,122.9000015258789,120.06999969482422,122.81999969482422,120.08999633789062,88530500.0,118.84281158447266
2021-03-25,121.66000366210938,119.0,119.54000091552734,120.58999633789062,98844700.0,119.3376235961914
2021-03-26,121.4800033569336,118.91999816894531,120.3499984741211,121.20999908447266,94071200.0,119.95118713378906
2021-03-29,122.58000183105469,120.7300033569336,121.6500015258789,121.38999938964844,80819200.0,120.12932586669922
2021-03-30,120.4000015258789,118.86000061035156,120.11000061035156,119.9000015258789,85671900.0,118.65478515625
2021-03-31,123.5199966430664,121.1500015258789,121.6500015258789,122.1500015258789,118323800.0,120.88143157958984
2021-04-01,124.18000030517578,122.48999786376953,123.66000366210938,123.0,75089100.0,121.72261047363281
2021-04-05,126.16000366210938,123.06999969482422,123.87000274658203,125.9000015258789,88651200.0,124.59249114990234
2021-04-06,127.12999725341797,125.6500015258789,126.5,126.20999908447266,80171300.0,124.89925384521484
2021-04-07,127.91999816894531,125.13999938964844,125.83000183105469,127.9000015258789,83466700.0,126.57170867919922
2021-04-08,130.38999938964844,128.52000427246094,128.9499969482422,130.36000061035156,88844600.0,129.00616455078125
2021-04-09,133.0399932861328,129.47000122070312,129.8000030517578,133.0,106686700.0,131.6187286376953
2021-04-12,132.85000610351562,130.6300048828125,132.52000427246094,131.24000549316406,91420000.0,129.8770294189453
2021-04-13,134.66000366210938,131.92999267578125,132.44000244140625,134.42999267578125,91266500.0,133.03390502929688
2021-04-14,135.0,131.66000366210938,134.94000244140625,132.02999877929688,87222800.0,130.6588134765625
2021-04-15,135.0,133.63999938964844,133.82000732421875,134.5,89347100.0,133.10316467285156
2021-04-16,134.6699981689453,133.27999877929688,134.3000030517578,134.16000366210938,84922400.0,132.76670837402344
2021-04-19,135.47000122070312,133.33999633789062,133.50999450683594,134.83999633789062,94264200.0,133.43963623046875
2021-04-20,135.52999877929688,131.80999755859375,135.02000427246094,133.11000061035156,94812300.0,131.7276153564453
2021-04-21,133.75,131.3000030517578,132.36000061035156,133.5,68847100.0,132.1135711669922
2021-04-22,134.14999389648438,131.41000366210938,133.0399932861328,131.94000244140625,84566500.0,130.56976318359375
2021-04-23,135.1199951171875,132.16000366210938,132.16000366210938,134.32000732421875,78657500.0,132.92503356933594
2021-04-26,135.05999755859375,133.55999755859375,134.8300018310547,134.72000122070312,66905100.0,133.32089233398438
2021-04-27,135.41000366210938,134.11000061035156,135.00999450683594,134.38999938964844,66015800.0,132.99432373046875
2021-04-28,135.02000427246094,133.0800018310547,134.30999755859375,133.5800018310547,107760100.0,132.19273376464844
2021-04-29,137.07000732421875,132.4499969482422,136.47000122070312,133.47999572753906,151101000.0,132.09375
2021-04-30,133.55999755859375,131.07000732421875,131.77999877929688,131.4600067138672,109839500.0,130.09475708007812
2021-05-03,134.07000732421875,131.8300018310547,132.0399932861328,132.5399932861328,75135100.0,131.1634979248047
2021-05-04,131.49000549316406,126.69999694824219,131.19000244140625,127.8499984741211,137564700.0,126.52222442626953
2021-05-05,130.4499969482422,127.97000122070312,129.1999969482422,128.10000610351562,84000900.0,126.76963806152344
2021-05-06,129.75,127.12999725341797,127.88999938964844,129.74000549316406,78128300.0,128.3926239013672
2021-05-07,131.25999450683594,129.47999572753906,130.85000610351562,130.2100067138672,78973300.0,129.0766143798828
2021-05-10,129.5399932861328,126.80999755859375,129.41000366210938,126.8499984741211,88071200.0,125.74584197998047
2021-05-11,126.2699966430664,122.7699966430664,123.5,125.91000366210938,126142800.0,124.81403350830078
2021-05-12,124.63999938964844,122.25,123.4000015258789,122.7699966430664,112172300.0,121.70134735107422
2021-05-13,126.1500015258789,124.26000213623047,124.58000183105469,124.97000122070312,105861300.0,123.88220977783203
2021-05-14,127.88999938964844,125.8499984741211,126.25,127.44999694824219,81918000.0,126.34061431884766
2021-05-17,126.93000030517578,125.16999816894531,126.81999969482422,126.2699966430664,74244600.0,125.17089080810547
2021-05-18,126.98999786376953,124.77999877929688,126.55999755859375,124.8499984741211,63342900.0,123.76325225830078
2021-05-19,124.91999816894531,122.86000061035156,123.16000366210938,124.69000244140625,92612000.0,123.60464477539062
2021-05-20,127.72000122070312,125.0999984741211,125.2300033569336,127.30999755859375,76857100.0,126.20183563232422
2021-05-21,128.0,125.20999908447266,127.81999969482422,125.43000030517578,79295400.0,124.33820343017578
2021-05-24,127.94000244140625,125.94000244140625,126.01000213623047,127.0999984741211,63092900.0,125.99365997314453
2021-05-25,128.32000732421875,126.31999969482422,127.81999969482422,126.9000015258789,72009500.0,125.79541778564453
2021-05-26,127.38999938964844,126.41999816894531,126.95999908447266,126.8499984741211,56575900.0,125.74584197998047
2021-05-27,127.63999938964844,125.08000183105469,126.44000244140625,125.27999877929688,94625600.0,124.18949127197266
2021-05-28,125.80000305175781,124.55000305175781,125.56999969482422,124.61000061035156,71311100.0,123.52533721923828
2021-06-01,125.3499984741211,123.94000244140625,125.08000183105469,124.27999877929688,67637100.0,123.1982192993164
2021-06-02,125.23999786376953,124.05000305175781,124.27999877929688,125.05999755859375,59278900.0,123.97142028808594
2021-06-03,124.8499984741211,123.12999725341797,124.68000030517578,123.54000091552734,76229200.0,122.46465301513672
2021-06-04,126.16000366210938,123.8499984741211,124.06999969482422,125.88999938964844,75169300.0,124.79419708251953
2021-06-07,126.31999969482422,124.83000183105469,126.16999816894531,125.9000015258789,71057600.0,124.80412292480469
2021-06-08,128.4600067138672,126.20999908447266,126.5999984741211,126.73999786376953,74403800.0,125.63680267333984
2021-06-09,127.75,126.5199966430664,127.20999908447266,127.12999725341797,56877900.0,126.02340698242188
2021-06-10,128.19000244140625,125.94000244140625,127.0199966430664,126.11000061035156,71186400.0,125.01229095458984
2021-06-11,127.44000244140625,126.0999984741211,126.52999877929688,127.3499984741211,53522400.0,126.24149322509766
2021-06-14,130.5399932861328,127.06999969482422,127.81999969482422,130.47999572753906,96906500.0,129.34422302246094
2021-06-15,130.60000610351562,129.38999938964844,129.94000244140625,129.63999938964844,62746300.0,128.5115509033203
2021-06-16,130.88999938964844,128.4600067138672,130.3699951171875,130.14999389648438,91815000.0,129.01712036132812
2021-06-17,132.5500030517578,129.64999389648438,129.8000030517578,131.7899932861328,96721700.0,130.64283752441406
2021-06-18,131.50999450683594,130.24000549316406,130.7100067138672,130.4600067138672,108953300.0,129.32443237304688
2021-06-21,132.41000366210938,129.2100067138672,130.3000030517578,132.3000030517578,79663300.0,131.14842224121094
2021-06-22,134.0800018310547,131.6199951171875,132.1300048828125,133.97999572753906,74783600.0,132.81378173828125
2021-06-23,134.32000732421875,133.22999572753906,133.77000427246094,133.6999969482422,60214200.0,132.53622436523438
2021-06-24,134.63999938964844,132.92999267578125,134.4499969482422,133.41000366210938,68711000.0,132.2487335205078
2021-06-25,133.88999938964844,132.80999755859375,133.4600067138672,133.11000061035156,70783700.0,131.95135498046875
2021-06-28,135.25,133.35000610351562,133.41000366210938,134.77999877929688,62111300.0,133.60679626464844
2021-06-29,136.49000549316406,134.35000610351562,134.8000030517578,136.3300018310547,64556100.0,135.14332580566406
2021-06-30,137.41000366210938,135.8699951171875,136.1699981689453,136.9600067138672,63261400.0,135.76785278320312
2021-07-01,137.3300018310547,135.75999450683594,136.60000610351562,137.27000427246094,52485800.0,136.0751495361328
2021-07-02,140.0,137.75,137.89999389648438,139.9600067138672,78852600.0,138.74172973632812
2021-07-06,143.14999389648438,140.07000732421875,140.07000732421875,142.02000427246094,108181800.0,140.78379821777344
2021-07-07,144.88999938964844,142.66000366210938,143.5399932861328,144.57000732421875,104911600.0,143.3115997314453
2021-07-08,144.05999755859375,140.6699981689453,141.5800018310547,143.24000549316406,105575500.0,141.99317932128906
2021-07-09,145.64999389648438,142.64999389648438,142.75,145.11000061035156,99890800.0,143.84689331054688
2021-07-12,146.32000732421875,144.0,146.2100067138672,144.5,76299700.0,143.24220275878906
2021-07-13,147.4600067138672,143.6300048828125,144.02999877929688,145.63999938964844,100827100.0,144.37228393554688
2021-07-14,149.57000732421875,147.67999267578125,148.10000610351562,149.14999389648438,127050800.0,147.85174560546875
2021-07-15,150.0,147.08999633789062,149.24000549316406,148.47999572753906,106820300.0,147.18756103515625
2021-07-16,149.75999450683594,145.8800048828125,148.4600067138672,146.38999938964844,93251400.0,145.1157684326172
2021-07-19,144.07000732421875,141.6699981689453,143.75,142.4499969482422,121434600.0,141.21005249023438
2021-07-20,147.10000610351562,142.9600067138672,143.4600067138672,146.14999389648438,96350000.0,144.8778533935547
2021-07-21,146.1300048828125,144.6300048828125,145.52999877929688,145.39999389648438,74993500.0,144.13436889648438
2021-07-22,148.1999969482422,145.80999755859375,145.94000244140625,146.8000030517578,77338200.0,145.52220153808594
2021-07-23,148.72000122070312,146.9199981689453,147.5500030517578,148.55999755859375,71447400.0,147.26686096191406
2021-07-26,149.8300018310547,147.6999969482422,148.27000427246094,148.99000549316406,72434100.0,147.693115234375
2021-07-27,149.2100067138672,145.5500030517578,149.1199951171875,146.77000427246094,104818600.0,145.49244689941406
2021-07-28,146.97000122070312,142.5399932861328,144.80999755859375,144.97999572753906,118931200.0,143.71803283691406
2021-07-29,146.5500030517578,144.5800018310547,144.69000244140625,145.63999938964844,56699500.0,144.37228393554688
2021-07-30,146.3300018310547,144.11000061035156,144.3800048828125,145.86000061035156,70440600.0,144.5903778076172
2021-08-02,146.9499969482422,145.25,146.36000061035156,145.52000427246094,62880000.0,144.25332641601562
2021-08-03,148.0399932861328,145.17999267578125,145.80999755859375,147.36000061035156,64786600.0,146.0773162841797
2021-08-04,147.7899932861328,146.27999877929688,147.27000427246094,146.9499969482422,56368300.0,145.67088317871094
2021-08-05,147.83999633789062,146.1699981689453,146.97999572753906,147.05999755859375,46397700.0,145.77992248535156
2021-08-06,147.11000061035156,145.6300048828125,146.35000610351562,146.13999938964844,54126800.0,145.08499145507812
2021-08-09,146.6999969482422,145.52000427246094,146.1999969482422,146.08999633789062,48908700.0,145.0353546142578
2021-08-10,147.7100067138672,145.3000030517578,146.44000244140625,145.60000610351562,69023100.0,144.5488739013672
2021-08-11,146.72000122070312,145.52999877929688,146.0500030517578,145.86000061035156,48493500.0,144.8070068359375
2021-08-12,149.0500030517578,145.83999633789062,146.19000244140625,148.88999938964844,72282600.0,147.81512451171875
2021-08-13,149.44000244140625,148.27000427246094,148.97000122070312,149.10000610351562,59375000.0,148.0236053466797
2021-08-16,151.19000244140625,146.47000122070312,148.5399932861328,151.1199951171875,103296000.0,150.02902221679688
2021-08-17,151.67999267578125,149.08999633789062,150.22999572753906,150.19000244140625,92229700.0,149.1057586669922
2021-08-18,150.72000122070312,146.14999389648438,149.8000030517578,146.36000061035156,86326000.0,145.30340576171875
2021-08-19,148.0,144.5,145.02999877929688,146.6999969482422,86960300.0,145.6409454345703
2021-08-20,148.5,146.77999877929688,147.44000244140625,148.19000244140625,60549600.0,147.12017822265625
2021-08-23,150.19000244140625,147.88999938964844,148.30999755859375,149.7100067138672,60131800.0,148.62921142578125
2021-08-24,150.86000061035156,149.14999389648438,149.4499969482422,149.6199951171875,48606400.0,148.53985595703125
2021-08-25,150.32000732421875,147.8000030517578,149.80999755859375,148.36000061035156,58991300.0,147.28897094726562
2021-08-26,149.1199951171875,147.50999450683594,148.35000610351562,147.5399932861328,48597200.0,146.47488403320312
2021-08-27,148.75,146.8300018310547,147.47999572753906,148.60000610351562,55802400.0,147.52723693847656
2021-08-30,153.49000549316406,148.61000061035156,149.0,153.1199951171875,90956700.0,152.01458740234375
2021-08-31,152.8000030517578,151.2899932861328,152.66000366210938,151.8300018310547,86453100.0,150.73391723632812
2021-09-01,154.97999572753906,152.33999633789062,152.8300018310547,152.50999450683594,80313700.0,151.4089813232422
2021-09-02,154.72000122070312,152.39999389648438,153.8699951171875,153.64999389648438,71115500.0,152.540771484375
2021-09-03,154.6300048828125,153.08999633789062,153.75999450683594,154.3000030517578,57808700.0,153.1860809326172
2021-09-07,157.25999450683594,154.38999938964844,154.97000122070312,156.69000244140625,82278300.0,155.558837890625
2021-09-08,157.0399932861328,153.97999572753906,156.97999572753906,155.11000061035156,74420200.0,153.990234375
2021-09-09,156.11000061035156,153.9499969482422,155.49000549316406,154.07000732421875,57305700.0,152.95774841308594
2021-09-10,155.47999572753906,148.6999969482422,155.0,148.97000122070312,140893200.0,147.8945770263672
2021-09-13,151.4199981689453,148.75,150.6300048828125,149.5500030517578,102404300.0,148.47036743164062
2021-09-14,151.07000732421875,146.91000366210938,150.35000610351562,148.1199951171875,109296300.0,147.05068969726562
2021-09-15,149.44000244140625,146.3699951171875,148.55999755859375,149.02999877929688,83281300.0,147.95411682128906
2021-09-16,148.97000122070312,147.22000122070312,148.44000244140625,148.7899932861328,68034100.0,147.71585083007812
2021-09-17,148.82000732421875,145.75999450683594,148.82000732421875,146.05999755859375,129868800.0,145.00555419921875
2021-09-20,144.83999633789062,141.27000427246094,143.8000030517578,142.94000244140625,123478900.0,141.90809631347656
2021-09-21,144.60000610351562,142.77999877929688,143.92999267578125,143.42999267578125,75834000.0,142.39453125
2021-09-22,146.42999267578125,143.6999969482422,144.4499969482422,145.85000610351562,76404300.0,144.79708862304688
2021-09-23,147.0800018310547,145.63999938964844,146.64999389648438,146.8300018310547,64838200.0,145.77000427246094
2021-09-24,147.47000122070312,145.55999755859375,145.66000366210938,146.9199981689453,53477900.0,145.85935974121094
2021-09-27,145.9600067138672,143.82000732421875,145.47000122070312,145.3699951171875,74150700.0,144.32054138183594
2021-09-28,144.75,141.69000244140625,143.25,141.91000366210938,108972300.0,140.8855438232422
2021-09-29,144.4499969482422,142.02999877929688,142.47000122070312,142.8300018310547,74602000.0,141.7988739013672
2021-09-30,144.3800048828125,141.27999877929688,143.66000366210938,141.5,89056700.0,140.47848510742188
2021-10-01,142.9199981689453,139.11000061035156,141.89999389648438,142.64999389648438,94639600.0,141.62017822265625
2021-10-04,142.2100067138672,138.27000427246094,141.75999450683594,139.13999938964844,98322000.0,138.135498046875
2021-10-05,142.24000549316406,139.36000061035156,139.49000549316406,141.11000061035156,80861100.0,140.09129333496094
2021-10-06,142.14999389648438,138.3699951171875,139.47000122070312,142.0,83221100.0,140.97486877441406
2021-10-07,144.22000122070312,142.72000122070312,143.05999755859375,143.2899932861328,61732700.0,142.25555419921875
2021-10-08,144.17999267578125,142.55999755859375,144.02999877929688,142.89999389648438,58773200.0,141.8683624267578
2021-10-11,144.80999755859375,141.80999755859375,142.27000427246094,142.80999755859375,64452200.0,141.7790069580078
2021-10-12,143.25,141.0399932861328,143.22999572753906,141.50999450683594,73035900.0,140.4884033203125
2021-10-13,141.39999389648438,139.1999969482422,141.24000549316406,140.91000366210938,78762700.0,139.89273071289062
2021-10-14,143.8800048828125,141.50999450683594,142.11000061035156,143.75999450683594,69907100.0,142.72216796875
2021-10-15,144.89999389648438,143.50999450683594,143.77000427246094,144.83999633789062,67940300.0,143.79437255859375
2021-10-18,146.83999633789062,143.16000366210938,143.4499969482422,146.5500030517578,85589200.0,145.4920196533203
2021-10-19,149.1699981689453,146.5500030517578,147.00999450683594,148.75999450683594,76378900.0,147.68606567382812
2021-10-20,149.75,148.1199951171875,148.6999969482422,149.25999450683594,58418800.0,148.18246459960938
2021-10-21,149.63999938964844,147.8699951171875,148.80999755859375,149.47999572753906,61421000.0,148.40086364746094
2021-10-22,150.17999267578125,148.63999938964844,149.69000244140625,148.69000244140625,58883400.0,147.6165771484375
2021-10-25,149.3699951171875,147.6199951171875,148.67999267578125,148.63999938964844,50720600.0,147.56692504882812
2021-10-26,150.83999633789062,149.00999450683594,149.3300018310547,149.32000732421875,60893400.0,148.24203491210938
2021-10-27,149.72999572753906,148.49000549316406,149.36000061035156,148.85000610351562,56094900.0,147.7754364013672
2021-10-28,153.1699981689453,149.72000122070312,149.82000732421875,152.57000732421875,100077900.0,151.46856689453125
2021-10-29,149.94000244140625,146.41000366210938,147.22000122070312,149.8000030517578,124953200.0,148.71856689453125
2021-11-01,149.6999969482422,147.8000030517578,148.99000549316406,148.9600067138672,74588300.0,147.88465881347656
2021-11-02,151.57000732421875,148.64999389648438,148.66000366210938,150.02000427246094,69122000.0,148.93698120117188
2021-11-03,151.97000122070312,149.82000732421875,150.38999938964844,151.49000549316406,54511500.0,150.3963623046875
2021-11-04,152.42999267578125,150.63999938964844,151.5800018310547,150.9600067138672,60394600.0,149.8701934814453
2021-11-05,152.1999969482422,150.05999755859375,151.88999938964844,151.27999877929688,65463900.0,150.40707397460938
2021-11-08,151.57000732421875,150.16000366210938,151.41000366210938,150.44000244140625,55020900.0,149.57191467285156
2021-11-09,151.42999267578125,150.05999755859375,150.1999969482422,150.80999755859375,56787900.0,149.93978881835938
2021-11-10,150.1300048828125,147.85000610351562,150.02000427246094,147.9199981689453,65187100.0,147.06643676757812
2021-11-11,149.42999267578125,147.67999267578125,148.9600067138672,147.8699951171875,41000000.0,147.01673889160156
2021-11-12,150.39999389648438,147.47999572753906,148.42999267578125,149.99000549316406,63804000.0,149.12452697753906
2021-11-15,151.8800048828125,149.42999267578125,150.3699951171875,150.0,59222800.0,149.13446044921875
2021-11-16,151.49000549316406,149.33999633789062,149.94000244140625,151.0,59256200.0,150.12867736816406
2021-11-17,155.0,150.99000549316406,151.0,153.49000549316406,88807000.0,152.6043243408203
2021-11-18,158.6699981689453,153.0500030517578,153.7100067138672,157.8699951171875,137827700.0,156.95904541015625
2021-11-19,161.02000427246094,156.52999877929688,157.64999389648438,160.5500030517578,117305600.0,159.62359619140625
2021-11-22,165.6999969482422,161.0,161.67999267578125,161.02000427246094,117467900.0,160.09088134765625
2021-11-23,161.8000030517578,159.05999755859375,161.1199951171875,161.41000366210938,96041900.0,160.47860717773438
2021-11-24,162.13999938964844,159.63999938964844,160.75,161.94000244140625,69463600.0,161.00555419921875
2021-11-26,160.4499969482422,156.36000061035156,159.57000732421875,156.80999755859375,76959800.0,155.90516662597656
2021-11-29,161.19000244140625,158.7899932861328,159.3699951171875,160.24000549316406,88748200.0,159.31536865234375
2021-11-30,165.52000427246094,159.9199981689453,159.99000549316406,165.3000030517578,174048100.0,164.34616088867188
2021-12-01,170.3000030517578,164.52999877929688,167.47999572753906,164.77000427246094,152052500.0,163.81922912597656
2021-12-02,164.1999969482422,157.8000030517578,158.74000549316406,163.75999450683594,136739200.0,162.8150634765625
2021-12-03,164.9600067138672,159.72000122070312,164.02000427246094,161.83999633789062,118023100.0,160.9061279296875
2021-12-06,167.8800048828125,164.27999877929688,164.2899932861328,165.32000732421875,107497000.0,164.36605834960938
2021-12-07,171.5800018310547,168.33999633789062,169.0800018310547,171.17999267578125,120405400.0,170.19223022460938
2021-12-08,175.9600067138672,170.6999969482422,172.1300048828125,175.0800018310547,116998900.0,174.0697479248047
2021-12-09,176.75,173.9199981689453,174.91000366210938,174.55999755859375,108923700.0,173.55271911621094
2021-12-10,179.6300048828125,174.69000244140625,175.2100067138672,179.4499969482422,115402700.0,178.4145050048828
2021-12-13,182.1300048828125,175.52999877929688,181.1199951171875,175.74000549316406,153237000.0,174.72592163085938
2021-12-14,177.74000549316406,172.2100067138672,175.25,174.3300018310547,139380400.0,173.32406616210938
2021-12-15,179.5,172.30999755859375,175.11000061035156,179.3000030517578,131063300.0,178.26539611816406
2021-12-16,181.13999938964844,170.75,179.27999877929688,172.25999450683594,150185800.0,171.26600646972656
2021-12-17,173.47000122070312,169.69000244140625,169.92999267578125,171.13999938964844,195432700.0,170.1524658203125
2021-12-20,170.5800018310547,167.4600067138672,168.27999877929688,169.75,107499100.0,168.77049255371094
2021-12-21,173.1999969482422,169.1199951171875,171.55999755859375,172.99000549316406,91185900.0,171.99180603027344
2021-12-22,175.86000061035156,172.14999389648438,173.0399932861328,175.63999938964844,92135300.0,174.6265106201172
2021-12-23,176.85000610351562,175.27000427246094,175.85000610351562,176.27999877929688,68356600.0,175.26280212402344
2021-12-27,180.4199981689453,177.07000732421875,177.08999633789062,180.3300018310547,74919600.0,179.28944396972656
2021-12-28,181.3300018310547,178.52999877929688,180.16000366210938,179.2899932861328,79144300.0,178.2554473876953
2021-12-29,180.6300048828125,178.13999938964844,179.3300018310547,179.3800048828125,62348900.0,178.3449249267578
2021-12-30,180.57000732421875,178.08999633789062,179.47000122070312,178.1999969482422,59773000.0,177.17172241210938
2021-12-31,179.22999572753906,177.25999450683594,178.08999633789062,177.57000732421875,64062300.0,176.54537963867188
2022-01-03,182.8800048828125,177.7100067138672,177.8300018310547,182.00999450683594,104487900.0,180.95974731445312
2022-01-04,182.94000244140625,179.1199951171875,182.6300048828125,179.6999969482422,99310400.0,178.6630859375
2022-01-05,180.1699981689453,174.63999938964844,179.61000061035156,174.9199981689453,94537600.0,173.91064453125
2022-01-06,175.3000030517578,171.63999938964844,172.6999969482422,172.0,96904000.0,171.0075225830078
2022-01-07,174.13999938964844,171.02999877929688,172.88999938964844,172.1699981689453,86709100.0,171.17652893066406
2022-01-10,172.5,168.1699981689453,169.0800018310547,172.19000244140625,106765600.0,171.19642639160156
2022-01-11,175.17999267578125,170.82000732421875,172.32000732421875,175.0800018310547,76138300.0,174.0697479248047
2022-01-12,177.17999267578125,174.82000732421875,176.1199951171875,175.52999877929688,74805200.0,174.5171356201172
2022-01-13,176.6199951171875,171.7899932861328,175.77999877929688,172.19000244140625,84505800.0,171.19642639160156
2022-01-14,173.77999877929688,171.08999633789062,171.33999633789062,173.07000732421875,80440800.0,172.0713348388672
2022-01-18,172.5399932861328,169.41000366210938,171.50999450683594,169.8000030517578,90956700.0,168.82022094726562
2022-01-19,171.0800018310547,165.94000244140625,170.0,166.22999572753906,94815000.0,165.2707977294922
2022-01-20,169.67999267578125,164.17999267578125,166.97999572753906,164.50999450683594,91420500.0,163.56072998046875
2022-01-21,166.3300018310547,162.3000030517578,164.4199981689453,162.41000366210938,122848900.0,161.4728546142578
2022-01-24,162.3000030517578,154.6999969482422,160.02000427246094,161.6199951171875,162294600.0,160.68740844726562
2022-01-25,162.75999450683594,157.02000427246094,158.97999572753906,159.77999877929688,115798400.0,158.85801696777344
2022-01-26,164.38999938964844,157.82000732421875,163.5,159.69000244140625,108275300.0,158.76853942871094
2022-01-27,163.83999633789062,158.27999877929688,162.4499969482422,159.22000122070312,121954600.0,158.30125427246094
2022-01-28,170.35000610351562,162.8000030517578,165.7100067138672,170.3300018310547,179935700.0,169.34715270996094
2022-01-31,175.0,169.50999450683594,170.16000366210938,174.77999877929688,115541600.0,173.77145385742188
2022-02-01,174.83999633789062,172.30999755859375,174.00999450683594,174.61000061035156,86213900.0,173.6024627685547
2022-02-02,175.8800048828125,173.3300018310547,174.75,175.83999633789062,84914300.0,174.82534790039062
2022-02-03,176.24000549316406,172.1199951171875,174.47999572753906,172.89999389648438,89418100.0,171.90231323242188
2022-02-04,174.10000610351562,170.67999267578125,171.67999267578125,172.38999938964844,82465400.0,171.61363220214844
2022-02-07,173.9499969482422,170.9499969482422,172.86000061035156,171.66000366210938,77251200.0,170.8869171142578
2022-02-08,175.35000610351562,171.42999267578125,171.72999572753906,174.8300018310547,74829200.0,174.04263305664062
2022-02-09,176.64999389648438,174.89999389648438,176.0500030517578,176.27999877929688,71285000.0,175.48609924316406
2022-02-10,175.47999572753906,171.5500030517578,174.13999938964844,172.1199951171875,90865900.0,171.34483337402344
2022-02-11,173.0800018310547,168.0399932861328,172.3300018310547,168.63999938964844,98670700.0,167.88050842285156
2022-02-14,169.5800018310547,166.55999755859375,167.3699951171875,168.8800048828125,86185500.0,168.11944580078125
2022-02-15,172.9499969482422,170.25,170.97000122070312,172.7899932861328,62527400.0,172.01181030273438
2022-02-16,173.33999633789062,170.0500030517578,171.85000610351562,172.5500030517578,61177400.0,171.7729034423828
2022-02-17,171.91000366210938,168.47000122070312,171.02999877929688,168.8800048828125,69589300.0,168.11944580078125
2022-02-18,170.5399932861328,166.19000244140625,169.82000732421875,167.3000030517578,82772700.0,166.5465545654297
2022-02-22,166.69000244140625,162.14999389648438,164.97999572753906,164.32000732421875,91162800.0,163.57998657226562
2022-02-23,166.14999389648438,159.75,165.5399932861328,160.07000732421875,90009200.0,159.34912109375
2022-02-24,162.85000610351562,152.0,152.5800018310547,162.74000549316406,141147500.0,162.00709533691406
2022-02-25,165.1199951171875,160.8699951171875,163.83999633789062,164.85000610351562,91974200.0,164.1075897216797
2022-02-28,165.4199981689453,162.42999267578125,163.05999755859375,165.1199951171875,95056600.0,164.37635803222656
2022-03-01,166.60000610351562,161.97000122070312,164.6999969482422,163.1999969482422,83474400.0,162.4650115966797
2022-03-02,167.36000061035156,162.9499969482422,164.38999938964844,166.55999755859375,79724800.0,165.80987548828125
2022-03-03,168.91000366210938,165.5500030517578,168.47000122070312,166.22999572753906,76678400.0,165.4813690185547
2022-03-04,165.5500030517578,162.10000610351562,164.49000549316406,163.1699981689453,83737200.0,162.4351348876953
2022-03-07,165.02000427246094,159.0399932861328,163.36000061035156,159.3000030517578,96418800.0,158.58258056640625
2022-03-08,162.8800048828125,155.8000030517578,158.82000732421875,157.44000244140625,131148300.0,156.73094177246094
2022-03-09,163.41000366210938,159.41000366210938,161.47999572753906,162.9499969482422,91454900.0,162.2161407470703
2022-03-10,160.38999938964844,155.97999572753906,160.1999969482422,158.52000427246094,105342000.0,157.8061065673828
2022-03-11,159.27999877929688,154.5,158.92999267578125,154.72999572753906,96970100.0,154.0331573486328
2022-03-14,154.1199951171875,150.10000610351562,151.4499969482422,150.6199951171875,108732100.0,149.941650390625
2022-03-15,155.57000732421875,150.3800048828125,150.89999389648438,155.08999633789062,92964300.0,154.3915252685547
2022-03-16,160.0,154.4600067138672,157.0500030517578,159.58999633789062,102300200.0,158.87127685546875
2022-03-17,161.0,157.6300048828125,158.61000061035156,160.6199951171875,75615400.0,159.89662170410156
2022-03-18,164.47999572753906,159.75999450683594,160.50999450683594,163.97999572753906,123511700.0,163.2415008544922
2022-03-21,166.35000610351562,163.00999450683594,163.50999450683594,165.3800048828125,95811400.0,164.63519287109375
2022-03-22,169.4199981689453,164.91000366210938,165.50999450683594,168.82000732421875,81532000.0,168.05970764160156
2022-03-23,172.63999938964844,167.64999389648438,167.99000549316406,170.2100067138672,98062700.0,169.44345092773438
2022-03-24,174.13999938964844,170.2100067138672,171.05999755859375,174.07000732421875,90131400.0,173.2860565185547
2022-03-25,175.27999877929688,172.75,173.8800048828125,174.72000122070312,80546200.0,173.93313598632812
2022-03-28,175.72999572753906,172.0,172.1699981689453,175.60000610351562,90371900.0,174.80917358398438
2022-03-29,179.00999450683594,176.33999633789062,176.69000244140625,178.9600067138672,100589400.0,178.154052734375
2022-03-30,179.61000061035156,176.6999969482422,178.5500030517578,177.77000427246094,92633200.0,176.9694061279297
2022-03-31,178.02999877929688,174.39999389648438,177.83999633789062,174.61000061035156,103049300.0,173.82362365722656
2022-04-01,174.8800048828125,171.94000244140625,174.02999877929688,174.30999755859375,78751300.0,173.5249786376953
2022-04-04,178.49000549316406,174.44000244140625,174.57000732421875,178.44000244140625,76468400.0,177.63638305664062
2022-04-05,178.3000030517578,174.4199981689453,177.5,175.05999755859375,73401800.0,174.2716064453125
2022-04-06,173.6300048828125,170.1300048828125,172.36000061035156,171.8300018310547,89058800.0,171.05613708496094
2022-04-07,173.36000061035156,169.85000610351562,171.16000366210938,172.13999938964844,77594700.0,171.36474609375
2022-04-08,171.77999877929688,169.1999969482422,171.77999877929688,170.08999633789062,76575500.0,169.323974609375
2022-04-11,169.02999877929688,165.5,168.7100067138672,165.75,72246700.0,165.00352478027344
2022-04-12,169.8699951171875,166.63999938964844,168.02000427246094,167.66000366210938,79265200.0,166.90492248535156
2022-04-13,171.0399932861328,166.77000427246094,167.38999938964844,170.39999389648438,70618900.0,169.63258361816406
2022-04-14,171.27000427246094,165.0399932861328,170.6199951171875,165.2899932861328,75329400.0,164.54559326171875
2022-04-18,166.60000610351562,163.57000732421875,163.9199981689453,165.07000732421875,69023900.0,164.32659912109375
2022-04-19,167.82000732421875,163.91000366210938,165.02000427246094,167.39999389648438,67723800.0,166.64608764648438
2022-04-20,168.8800048828125,166.10000610351562,168.75999450683594,167.22999572753906,67929800.0,166.47686767578125
2022-04-21,171.52999877929688,165.91000366210938,168.91000366210938,166.4199981689453,87227800.0,165.67051696777344
2022-04-22,167.8699951171875,161.5,166.4600067138672,161.7899932861328,84882400.0,161.0613555908203
2022-04-25,163.1699981689453,158.4600067138672,161.1199951171875,162.8800048828125,96046400.0,162.14645385742188
2022-04-26,162.33999633789062,156.72000122070312,162.25,156.8000030517578,95623200.0,156.09384155273438
2022-04-27,159.7899932861328,155.3800048828125,155.91000366210938,156.57000732421875,88063200.0,155.86488342285156
2022-04-28,164.52000427246094,158.92999267578125,159.25,163.63999938964844,130216800.0,162.9030303955078
2022-04-29,166.1999969482422,157.25,161.83999633789062,157.64999389648438,131747600.0,156.9399871826172
2022-05-02,158.22999572753906,153.27000427246094,156.7100067138672,157.9600067138672,123055300.0,157.24862670898438
2022-05-03,160.7100067138672,156.32000732421875,158.14999389648438,159.47999572753906,88966500.0,158.76177978515625
2022-05-04,166.47999572753906,159.25999450683594,159.6699981689453,166.02000427246094,108256500.0,165.27232360839844
2022-05-05,164.0800018310547,154.9499969482422,163.85000610351562,156.77000427246094,130525300.0,156.06398010253906
2022-05-06,159.44000244140625,154.17999267578125,156.00999450683594,157.27999877929688,116124600.0,156.80172729492188
2022-05-09,155.8300018310547,151.49000549316406,154.92999267578125,152.05999755859375,131577900.0,151.59759521484375
2022-05-10,156.74000549316406,152.92999267578125,155.52000427246094,154.50999450683594,115366700.0,154.04013061523438
2022-05-11,155.4499969482422,145.80999755859375,153.5,146.5,142689800.0,146.05450439453125
2022-05-12,146.1999969482422,138.8000030517578,142.77000427246094,142.55999755859375,182602000.0,142.12648010253906
2022-05-13,148.10000610351562,143.11000061035156,144.58999633789062,147.11000061035156,113990900.0,146.6626434326172
2022-05-16,147.52000427246094,144.17999267578125,145.5500030517578,145.5399932861328,86643800.0,145.097412109375
2022-05-17,149.77000427246094,146.67999267578125,148.86000061035156,149.24000549316406,78336300.0,148.7861785888672
2022-05-18,147.36000061035156,139.89999389648438,146.85000610351562,140.82000732421875,109742900.0,140.39178466796875
2022-05-19,141.66000366210938,136.60000610351562,139.8800048828125,137.35000610351562,136095600.0,136.93234252929688
2022-05-20,140.6999969482422,132.61000061035156,139.08999633789062,137.58999633789062,137426100.0,137.17160034179688
2022-05-23,143.25999450683594,137.64999389648438,137.7899932861328,143.11000061035156,117726300.0,142.67481994628906
2022-05-24,141.97000122070312,137.3300018310547,140.80999755859375,140.36000061035156,104132700.0,139.9331817626953
2022-05-25,141.7899932861328,138.33999633789062,138.42999267578125,140.52000427246094,92482700.0,140.0926971435547
2022-05-26,144.33999633789062,137.13999938964844,137.38999938964844,143.77999877929688,90601500.0,143.3427734375
2022-05-27,149.67999267578125,145.25999450683594,145.38999938964844,149.63999938964844,90978500.0,149.18495178222656
2022-05-31,150.66000366210938,146.83999633789062,149.07000732421875,148.83999633789062,103718400.0,148.38739013671875
2022-06-01,151.74000549316406,147.67999267578125,149.89999389648438,148.7100067138672,74286600.0,148.25779724121094
2022-06-02,151.27000427246094,146.86000061035156,147.8300018310547,151.2100067138672,72348100.0,150.75018310546875
2022-06-03,147.97000122070312,144.4600067138672,146.89999389648438,145.3800048828125,88570300.0,144.9379119873047
2022-06-06,148.57000732421875,144.89999389648438,147.02999877929688,146.13999938964844,71598400.0,145.6956024169922
2022-06-07,149.0,144.10000610351562,144.35000610351562,148.7100067138672,67808200.0,148.25779724121094
2022-06-08,149.8699951171875,147.4600067138672,148.5800018310547,147.9600067138672,53950200.0,147.51007080078125
2022-06-09,147.9499969482422,142.52999877929688,147.0800018310547,142.63999938964844,69473000.0,142.2062530517578
2022-06-10,140.75999450683594,137.05999755859375,140.27999877929688,137.1300048828125,91437900.0,136.7130126953125
2022-06-13,135.1999969482422,131.44000244140625,132.8699951171875,131.8800048828125,122207100.0,131.4789581298828
2022-06-14,133.88999938964844,131.47999572753906,133.1300048828125,132.75999450683594,84784300.0,132.3562774658203
2022-06-15,137.33999633789062,132.16000366210938,134.2899932861328,135.42999267578125,91533000.0,135.01815795898438
2022-06-16,132.38999938964844,129.0399932861328,132.0800018310547,130.05999755859375,108123900.0,129.66448974609375
2022-06-17,133.0800018310547,129.80999755859375,130.07000732421875,131.55999755859375,134520300.0,131.15992736816406
2022-06-21,137.05999755859375,133.32000732421875,133.4199981689453,135.8699951171875,81000500.0,135.45681762695312
2022-06-22,137.75999450683594,133.91000366210938,134.7899932861328,135.35000610351562,73409200.0,134.93841552734375
2022-06-23,138.58999633789062,135.6300048828125,136.82000732421875,138.27000427246094,72433800.0,137.8495330810547
2022-06-24,141.91000366210938,139.77000427246094,139.89999389648438,141.66000366210938,89116800.0,141.22923278808594
2022-06-27,143.49000549316406,140.97000122070312,142.6999969482422,141.66000366210938,70207900.0,141.22923278808594
2022-06-28,143.4199981689453,137.32000732421875,142.1300048828125,137.44000244140625,67083400.0,137.02206420898438
2022-06-29,140.6699981689453,136.6699981689453,137.4600067138672,139.22999572753906,66242400.0,138.80661010742188
2022-06-30,138.3699951171875,133.77000427246094,137.25,136.72000122070312,98964500.0,136.3042449951172
2022-07-01,139.0399932861328,135.66000366210938,136.0399932861328,138.92999267578125,71051600.0,138.50750732421875
2022-07-05,141.61000061035156,136.92999267578125,137.77000427246094,141.55999755859375,73353800.0,141.12953186035156
2022-07-06,144.1199951171875,141.0800018310547,141.35000610351562,142.9199981689453,74064300.0,142.48538208007812
2022-07-07,146.5500030517578,143.27999877929688,143.2899932861328,146.35000610351562,66253700.0,145.90496826171875
2022-07-08,147.5500030517578,145.0,145.25999450683594,147.0399932861328,64547800.0,146.5928497314453
2022-07-11,146.63999938964844,143.77999877929688,145.6699981689453,144.8699951171875,63141600.0,144.42945861816406
2022-07-12,148.4499969482422,145.0500030517578,145.75999450683594,145.86000061035156,77588800.0,145.41644287109375
2022-07-13,146.4499969482422,142.1199951171875,142.99000549316406,145.49000549316406,71185600.0,145.04757690429688
2022-07-14,148.9499969482422,143.25,144.0800018310547,148.47000122070312,78140700.0,148.01852416992188
2022-07-15,150.86000061035156,148.1999969482422,149.77999877929688,150.1699981689453,76259900.0,149.7133331298828
2022-07-18,151.57000732421875,146.6999969482422,150.74000549316406,147.07000732421875,81420900.0,146.62278747558594
2022-07-19,151.22999572753906,146.91000366210938,147.9199981689453,151.0,82982400.0,150.5408172607422
2022-07-20,153.72000122070312,150.3699951171875,151.1199951171875,153.0399932861328,64823400.0,152.57461547851562
2022-07-21,155.57000732421875,151.94000244140625,154.5,155.35000610351562,65086600.0,154.87759399414062
2022-07-22,156.27999877929688,153.41000366210938,155.38999938964844,154.08999633789062,66675400.0,153.6214141845703
2022-07-25,155.0399932861328,152.27999877929688,154.00999450683594,152.9499969482422,53623900.0,152.48489379882812
2022-07-26,153.08999633789062,150.8000030517578,152.25999450683594,151.60000610351562,55138700.0,151.1389923095703
2022-07-27,157.3300018310547,152.16000366210938,152.5800018310547,156.7899932861328,78620700.0,156.31320190429688
2022-07-28,157.63999938964844,154.41000366210938,156.97999572753906,157.35000610351562,81378700.0,156.87152099609375
2022-07-29,163.6300048828125,159.5,161.24000549316406,162.50999450683594,101786900.0,162.01580810546875
2022-08-01,163.58999633789062,160.88999938964844,161.00999450683594,161.50999450683594,67829400.0,161.0188446044922
2022-08-02,162.41000366210938,159.6300048828125,160.10000610351562,160.00999450683594,59907000.0,159.52340698242188
2022-08-03,166.58999633789062,160.75,160.83999633789062,166.1300048828125,82507500.0,165.62481689453125
2022-08-04,167.19000244140625,164.42999267578125,166.00999450683594,165.80999755859375,55474100.0,165.3057861328125
2022-08-05,165.85000610351562,163.0,163.2100067138672,165.35000610351562,56697000.0,165.076171875
2022-08-08,167.80999755859375,164.1999969482422,166.3699951171875,164.8699951171875,60276900.0,164.59695434570312
2022-08-09,165.82000732421875,163.25,164.02000427246094,164.9199981689453,63135500.0,164.64686584472656
2022-08-10,169.33999633789062,166.89999389648438,167.67999267578125,169.24000549316406,70170500.0,168.95973205566406
2022-08-11,170.99000549316406,168.19000244140625,170.05999755859375,168.49000549316406,57149200.0,168.21096801757812
2022-08-12,172.1699981689453,169.39999389648438,169.82000732421875,172.10000610351562,68039400.0,171.8149871826172
2022-08-15,173.38999938964844,171.35000610351562,171.52000427246094,173.19000244140625,54091700.0,172.90318298339844
2022-08-16,173.7100067138672,171.66000366210938,172.77999877929688,173.02999877929688,56377100.0,172.74343872070312
2022-08-17,176.14999389648438,172.57000732421875,172.77000427246094,174.5500030517578,79542000.0,174.26092529296875
2022-08-18,174.89999389648438,173.1199951171875,173.75,174.14999389648438,62290100.0,173.86158752441406
2022-08-19,173.74000549316406,171.30999755859375,173.02999877929688,171.52000427246094,70346300.0,171.23594665527344
2022-08-22,169.86000061035156,167.13999938964844,169.69000244140625,167.57000732421875,69026800.0,167.29249572753906
2022-08-23,168.7100067138672,166.64999389648438,167.0800018310547,167.22999572753906,54147100.0,166.9530487060547
2022-08-24,168.11000061035156,166.25,167.32000732421875,167.52999877929688,53841500.0,167.25254821777344
2022-08-25,170.13999938964844,168.35000610351562,168.77999877929688,170.02999877929688,51218200.0,169.7484130859375
2022-08-26,171.0500030517578,163.55999755859375,170.57000732421875,163.6199951171875,78961000.0,163.34901428222656
2022-08-29,162.89999389648438,159.82000732421875,161.14999389648438,161.3800048828125,73314000.0,161.1127471923828
2022-08-30,162.55999755859375,157.72000122070312,162.1300048828125,158.91000366210938,77906200.0,158.64683532714844
2022-08-31,160.5800018310547,157.13999938964844,160.30999755859375,157.22000122070312,87991100.0,156.95962524414062
2022-09-01,158.4199981689453,154.6699981689453,156.63999938964844,157.9600067138672,74229900.0,157.6984100341797
2022-09-02,160.36000061035156,154.97000122070312,159.75,155.80999755859375,76957800.0,155.5519561767578
2022-09-06,157.08999633789062,153.69000244140625,156.47000122070312,154.52999877929688,73714800.0,154.27407836914062
2022-09-07,156.6699981689453,153.61000061035156,154.82000732421875,155.9600067138672,87449600.0,155.70172119140625
2022-09-08,156.36000061035156,152.67999267578125,154.63999938964844,154.4600067138672,84923800.0,154.20420837402344
2022-09-09,157.82000732421875,154.75,155.47000122070312,157.3699951171875,68028800.0,157.109375
2022-09-12,164.25999450683594,159.3000030517578,159.58999633789062,163.42999267578125,104956000.0,163.15933227539062
2022-09-13,160.5399932861328,153.3699951171875,159.89999389648438,153.83999633789062,122656600.0,153.58522033691406
2022-09-14,157.10000610351562,153.61000061035156,154.7899932861328,155.30999755859375,87965400.0,155.0527801513672
2022-09-15,155.24000549316406,151.3800048828125,154.64999389648438,152.3699951171875,90481100.0,152.11764526367188
2022-09-16,151.35000610351562,148.3699951171875,151.2100067138672,150.6999969482422,162278800.0,150.45042419433594
2022-09-19,154.55999755859375,149.10000610351562,149.30999755859375,154.47999572753906,81474200.0,154.22415161132812
2022-09-20,158.0800018310547,153.0800018310547,153.39999389648438,156.89999389648438,107689800.0,156.64015197753906
2022-09-21,158.74000549316406,153.60000610351562,157.33999633789062,153.72000122070312,101696800.0,153.46542358398438
2022-09-22,154.47000122070312,150.91000366210938,152.3800048828125,152.74000549316406,86652500.0,152.48704528808594
2022-09-23,151.47000122070312,148.55999755859375,151.19000244140625,150.42999267578125,96029900.0,150.1808624267578
2022-09-26,153.77000427246094,149.63999938964844,149.66000366210938,150.77000427246094,93339400.0,150.5203094482422
2022-09-27,154.72000122070312,149.9499969482422,152.74000549316406,151.75999450683594,84442700.0,151.5086669921875
2022-09-28,150.63999938964844,144.83999633789062,147.63999938964844,149.83999633789062,146691400.0,149.5918426513672
2022-09-29,146.72000122070312,140.67999267578125,146.10000610351562,142.47999572753906,128138200.0,142.24403381347656
2022-09-30,143.10000610351562,138.0,141.27999877929688,138.1999969482422,124925300.0,137.9711151123047
2022-10-03,143.07000732421875,137.69000244140625,138.2100067138672,142.4499969482422,114311700.0,142.21408081054688
2022-10-04,146.22000122070312,144.25999450683594,145.02999877929688,146.10000610351562,87830100.0,145.85804748535156
2022-10-05,147.3800048828125,143.00999450683594,144.07000732421875,146.39999389648438,79471000.0,146.15753173828125
2022-10-06,147.5399932861328,145.22000122070312,145.80999755859375,145.42999267578125,68402200.0,145.18914794921875
2022-10-07,143.10000610351562,139.4499969482422,142.5399932861328,140.08999633789062,85925600.0,139.8579864501953
2022-10-10,141.88999938964844,138.57000732421875,140.4199981689453,140.4199981689453,74899000.0,140.18743896484375
2022-10-11,141.35000610351562,138.22000122070312,139.89999389648438,138.97999572753906,77033700.0,138.7498321533203
2022-10-12,140.36000061035156,138.16000366210938,139.1300048828125,138.33999633789062,70433700.0,138.1108856201172
2022-10-13,143.58999633789062,134.3699951171875,134.99000549316406,142.99000549316406,113224000.0,142.75320434570312
2022-10-14,144.52000427246094,138.19000244140625,144.30999755859375,138.3800048828125,88598000.0,138.1508331298828
2022-10-17,142.89999389648438,140.27000427246094,141.07000732421875,142.41000366210938,85250900.0,142.17416381835938
2022-10-18,146.6999969482422,140.61000061035156,145.49000549316406,143.75,99136600.0,143.51193237304688
2022-10-19,144.9499969482422,141.5,141.69000244140625,143.86000061035156,61758300.0,143.6217498779297
2022-10-20,145.88999938964844,142.64999389648438,143.02000427246094,143.38999938964844,64522000.0,143.15252685546875
2022-10-21,147.85000610351562,142.64999389648438,142.8699951171875,147.27000427246094,86548600.0,147.02610778808594
2022-10-24,150.22999572753906,146.0,147.19000244140625,149.4499969482422,75981900.0,149.20248413085938
2022-10-25,152.49000549316406,149.36000061035156,150.08999633789062,152.33999633789062,74732300.0,152.08770751953125
2022-10-26,151.99000549316406,148.0399932861328,150.9600067138672,149.35000610351562,88194300.0,149.1026611328125
2022-10-27,149.0500030517578,144.1300048828125,148.07000732421875,144.8000030517578,109180200.0,144.56019592285156
2022-10-28,157.5,147.82000732421875,148.1999969482422,155.74000549316406,164762400.0,155.48208618164062
2022-10-31,154.24000549316406,151.9199981689453,153.16000366210938,153.33999633789062,97943200.0,153.08604431152344
2022-11-01,155.4499969482422,149.1300048828125,155.0800018310547,150.64999389648438,80379300.0,150.40049743652344
2022-11-02,152.1699981689453,145.0,148.9499969482422,145.02999877929688,93604600.0,144.78981018066406
2022-11-03,142.8000030517578,138.75,142.05999755859375,138.8800048828125,97918500.0,138.65000915527344
2022-11-04,142.6699981689453,134.3800048828125,142.08999633789062,138.3800048828125,140814800.0,138.3800048828125
2022-11-07,139.14999389648438,135.6699981689453,137.11000061035156,138.9199981689453,83374600.0,138.9199981689453
2022-11-08,141.42999267578125,137.49000549316406,140.41000366210938,139.5,89908500.0,139.5
2022-11-09,138.5500030517578,134.58999633789062,138.5,134.8699951171875,74917800.0,134.8699951171875
2022-11-10,146.8699951171875,139.5,141.24000549316406,146.8699951171875,118854000.0,146.8699951171875
2022-11-11,150.00999450683594,144.3699951171875,145.82000732421875,149.6999969482422,93979700.0,149.6999969482422
2022-11-14,150.27999877929688,147.42999267578125,148.97000122070312,148.27999877929688,73374100.0,148.27999877929688
2022-11-15,153.58999633789062,148.55999755859375,152.22000122070312,150.0399932861328,89868300.0,150.0399932861328
2022-11-16,149.8699951171875,147.2899932861328,149.1300048828125,148.7899932861328,64218300.0,148.7899932861328
2022-11-17,151.47999572753906,146.14999389648438,146.42999267578125,150.72000122070312,80389400.0,150.72000122070312
2022-11-18,152.6999969482422,149.97000122070312,152.30999755859375,151.2899932861328,74829600.0,151.2899932861328
2022-11-21,150.3699951171875,147.72000122070312,150.16000366210938,148.00999450683594,58724100.0,148.00999450683594
2022-11-22,150.4199981689453,146.92999267578125,148.1300048828125,150.17999267578125,51804100.0,150.17999267578125
2022-11-23,151.8300018310547,149.33999633789062,149.4499969482422,151.07000732421875,58301400.0,151.07000732421875
2022-11-25,148.8800048828125,147.1199951171875,148.30999755859375,148.11000061035156,35195900.0,148.11000061035156
2022-11-28,146.63999938964844,143.3800048828125,145.13999938964844,144.22000122070312,69246000.0,144.22000122070312
2022-11-29,144.80999755859375,140.35000610351562,144.2899932861328,141.1699981689453,83763800.0,141.1699981689453
2022-11-30,148.72000122070312,140.5500030517578,141.39999389648438,148.02999877929688,111224400.0,148.02999877929688
2022-12-01,149.1300048828125,146.61000061035156,148.2100067138672,148.30999755859375,71250400.0,148.30999755859375
2022-12-02,148.0,145.64999389648438,145.9600067138672,147.80999755859375,65421400.0,147.80999755859375
2022-12-05,150.9199981689453,145.77000427246094,147.77000427246094,146.6300048828125,68826400.0,146.6300048828125
2022-12-06,147.3000030517578,141.9199981689453,147.07000732421875,142.91000366210938,64727200.0,142.91000366210938
2022-12-07,143.3699951171875,140.0,142.19000244140625,140.94000244140625,69721100.0,140.94000244140625
2022-12-08,143.52000427246094,141.10000610351562,142.36000061035156,142.64999389648438,62128300.0,142.64999389648438
2022-12-09,145.57000732421875,140.89999389648438,142.33999633789062,142.16000366210938,76069500.0,142.16000366210938
2022-12-12,144.5,141.05999755859375,142.6999969482422,144.49000549316406,70416100.0,144.49000549316406
2022-12-13,149.9691925048828,144.24000549316406,149.5,144.77999877929688,48182503.0,144.77999877929688
